run_date,symbol,final_decision,strategies_fired,avg_confidence,risk_approved,supervisor_conf,suggested_entry,timeframe,max_position_pct,reasoning,momentum_fired,breakout_fired,stochastic_fired
2026-05-20 20:15:49,AARTIIND,HOLD,,0.0,0,0.0,,,0.0,"Data fetched for AARTIIND: 125 rows | 0/6 strategies fired: [] | Risk: no signals to evaluate | Supervisor: risk not approved, holding",0,0,0
2026-05-20 20:15:51,ABB,HOLD,,0.0,0,0.0,,,0.0,"Data fetched for ABB: 125 rows | 0/6 strategies fired: [] | Risk: no signals to evaluate | Supervisor: risk not approved, holding",0,0,0
2026-05-20 20:15:53,ABBOTINDIA,HOLD,,0.0,0,0.0,,,0.0,"Data fetched for ABBOTINDIA: 125 rows | 0/6 strategies fired: [] | Risk: no signals to evaluate | Supervisor: risk not approved, holding",0,0,0
2026-05-20 20:15:55,ABCAPITAL,HOLD,,0.0,0,0.0,,,0.0,"Data fetched for ABCAPITAL: 125 rows | 0/6 strategies fired: [] | Risk: no signals to evaluate | Supervisor: risk not approved, holding",0,0,0
2026-05-20 20:15:57,ABFRL,HOLD,,0.0,0,0.0,,,0.0,"Data fetched for ABFRL: 125 rows | 0/6 strategies fired: [] | Risk: no signals to evaluate | Supervisor: risk not approved, holding",0,0,0
2026-05-20 20:16:00,ACC,HOLD,,0.0,0,0.0,,,0.0,"Data fetched for ACC: 125 rows | 0/6 strategies fired: [] | Risk: no signals to evaluate | Supervisor: risk not approved, holding",0,0,0
2026-05-20 20:16:02,ADANIENT,HOLD,,0.0,0,0.0,,,0.0,"Data fetched for ADANIENT: 125 rows | 0/6 strategies fired: [] | Risk: no signals to evaluate | Supervisor: risk not approved, holding",0,0,0
2026-05-20 20:16:04,ADANIPORTS,HOLD,,0.0,0,0.0,,,0.0,"Data fetched for ADANIPORTS: 125 rows | 0/6 strategies fired: [] | Risk: no signals to evaluate | Supervisor: risk not approved, holding",0,0,0
2026-05-20 20:16:06,ALKEM,HOLD,,0.0,0,0.0,,,0.0,"Data fetched for ALKEM: 125 rows | 0/6 strategies fired: [] | Risk: no signals to evaluate | Supervisor: risk not approved, holding",0,0,0
2026-05-20 20:16:09,AMBUJACEM,HOLD,,0.0,0,0.0,,,0.0,"Data fetched for AMBUJACEM: 125 rows | 0/6 strategies fired: [] | Risk: no signals to evaluate | Supervisor: risk not approved, holding",0,0,0
2026-05-20 20:16:11,APOLLOHOSP,HOLD,,0.0,0,0.0,,,0.0,"Data fetched for APOLLOHOSP: 125 rows | 0/6 strategies fired: [] | Risk: no signals to evaluate | Supervisor: risk not approved, holding",0,0,0
2026-05-20 20:16:14,APOLLOTYRE,HOLD,,0.0,0,0.0,,,0.0,"Data fetched for APOLLOTYRE: 125 rows | 0/6 strategies fired: [] | Risk: no signals to evaluate | Supervisor: risk not approved, holding",0,0,0
2026-05-20 20:16:16,ASHOKLEY,HOLD,,0.0,0,0.0,,,0.0,"Data fetched for ASHOKLEY: 125 rows | 0/6 strategies fired: [] | Risk: no signals to evaluate | Supervisor: risk not approved, holding",0,0,0
2026-05-20 20:16:18,ASIANPAINT,HOLD,,0.0,0,0.0,,,0.0,"Data fetched for ASIANPAINT: 125 rows | 0/6 strategies fired: [] | Risk: no signals to evaluate | Supervisor: risk not approved, holding",0,0,0
2026-05-20 20:16:21,ASTRAL,HOLD,,0.0,0,0.0,,,0.0,"Data fetched for ASTRAL: 125 rows | 0/6 strategies fired: [] | Risk: no signals to evaluate | Supervisor: risk not approved, holding",0,0,0
2026-05-20 20:16:24,ATUL,HOLD,,0.0,0,0.0,,,0.0,"Data fetched for ATUL: 125 rows | 0/6 strategies fired: [] | Risk: no signals to evaluate | Supervisor: risk not approved, holding",0,0,0
2026-05-20 20:16:26,AUBANK,HOLD,,0.0,0,0.0,,,0.0,"Data fetched for AUBANK: 125 rows | 0/6 strategies fired: [] | Risk: no signals to evaluate | Supervisor: risk not approved, holding",0,0,0
2026-05-20 20:16:28,AUROPHARMA,HOLD,,0.0,0,0.0,,,0.0,"Data fetched for AUROPHARMA: 125 rows | 0/6 strategies fired: [] | Risk: no signals to evaluate | Supervisor: risk not approved, holding",0,0,0
2026-05-20 20:16:31,AXISBANK,HOLD,,0.0,0,0.0,,,0.0,"Data fetched for AXISBANK: 125 rows | 0/6 strategies fired: [] | Risk: no signals to evaluate | Supervisor: risk not approved, holding",0,0,0
2026-05-20 20:16:33,BAJAJ-AUTO,HOLD,,0.0,0,0.0,,,0.0,"Data fetched for BAJAJ-AUTO: 125 rows | 0/6 strategies fired: [] | Risk: no signals to evaluate | Supervisor: risk not approved, holding",0,0,0
2026-05-20 20:16:36,BAJAJFINSV,HOLD,,0.0,0,0.0,,,0.0,"Data fetched for BAJAJFINSV: 125 rows | 0/6 strategies fired: [] | Risk: no signals to evaluate | Supervisor: risk not approved, holding",0,0,0
2026-05-20 20:16:38,BAJFINANCE,HOLD,,0.0,0,0.0,,,0.0,"Data fetched for BAJFINANCE: 125 rows | 0/6 strategies fired: [] | Risk: no signals to evaluate | Supervisor: risk not approved, holding",0,0,0
2026-05-20 20:16:40,BALKRISIND,HOLD,,0.0,0,0.0,,,0.0,"Data fetched for BALKRISIND: 125 rows | 0/6 strategies fired: [] | Risk: no signals to evaluate | Supervisor: risk not approved, holding",0,0,0
2026-05-20 20:16:43,BALRAMCHIN,HOLD,,0.0,0,0.0,,,0.0,"Data fetched for BALRAMCHIN: 125 rows | 0/6 strategies fired: [] | Risk: no signals to evaluate | Supervisor: risk not approved, holding",0,0,0
2026-05-20 20:16:45,BANDHANBNK,HOLD,,0.0,0,0.0,,,0.0,"Data fetched for BANDHANBNK: 125 rows | 0/6 strategies fired: [] | Risk: no signals to evaluate | Supervisor: risk not approved, holding",0,0,0
2026-05-20 20:16:47,BANKBARODA,HOLD,,0.0,0,0.0,,,0.0,"Data fetched for BANKBARODA: 125 rows | 0/6 strategies fired: [] | Risk: no signals to evaluate | Supervisor: risk not approved, holding",0,0,0
2026-05-20 20:16:50,BATAINDIA,HOLD,,0.0,0,0.0,,,0.0,"Data fetched for BATAINDIA: 125 rows | 0/6 strategies fired: [] | Risk: no signals to evaluate | Supervisor: risk not approved, holding",0,0,0
2026-05-20 20:16:52,BEL,HOLD,,0.0,0,0.0,,,0.0,"Data fetched for BEL: 125 rows | 0/6 strategies fired: [] | Risk: no signals to evaluate | Supervisor: risk not approved, holding",0,0,0
2026-05-20 20:16:54,BERGEPAINT,HOLD,,0.0,0,0.0,,,0.0,"Data fetched for BERGEPAINT: 125 rows | 0/6 strategies fired: [] | Risk: no signals to evaluate | Supervisor: risk not approved, holding",0,0,0
2026-05-20 20:16:57,BHARATFORG,HOLD,,0.0,0,0.0,,,0.0,"Data fetched for BHARATFORG: 125 rows | 0/6 strategies fired: [] | Risk: no signals to evaluate | Supervisor: risk not approved, holding",0,0,0
2026-05-20 20:16:59,BHARTIARTL,HOLD,,0.0,0,0.0,,,0.0,"Data fetched for BHARTIARTL: 125 rows | 0/6 strategies fired: [] | Risk: no signals to evaluate | Supervisor: risk not approved, holding",0,0,0
2026-05-20 20:17:01,BHEL,HOLD,,0.0,0,0.0,,,0.0,"Data fetched for BHEL: 125 rows | 0/6 strategies fired: [] | Risk: no signals to evaluate | Supervisor: risk not approved, holding",0,0,0
2026-05-20 20:17:05,BIOCON,HOLD,,0.0,0,0.0,,,0.0,"Data fetched for BIOCON: 125 rows | 0/6 strategies fired: [] | Risk: no signals to evaluate | Supervisor: risk not approved, holding",0,0,0
2026-05-20 20:17:07,BOSCHLTD,HOLD,,0.0,0,0.0,,,0.0,"Data fetched for BOSCHLTD: 125 rows | 0/6 strategies fired: [] | Risk: no signals to evaluate | Supervisor: risk not approved, holding",0,0,0
2026-05-20 20:17:10,BPCL,HOLD,,0.0,0,0.0,,,0.0,"Data fetched for BPCL: 125 rows | 0/6 strategies fired: [] | Risk: no signals to evaluate | Supervisor: risk not approved, holding",0,0,0
2026-05-20 20:17:12,BRITANNIA,HOLD,,0.0,0,0.0,,,0.0,"Data fetched for BRITANNIA: 125 rows | 0/6 strategies fired: [] | Risk: no signals to evaluate | Supervisor: risk not approved, holding",0,0,0
2026-05-20 20:17:15,BSOFT,HOLD,,0.0,0,0.0,,,0.0,"Data fetched for BSOFT: 125 rows | 0/6 strategies fired: [] | Risk: no signals to evaluate | Supervisor: risk not approved, holding",0,0,0
2026-05-20 20:17:17,CANBK,HOLD,,0.0,0,0.0,,,0.0,"Data fetched for CANBK: 125 rows | 0/6 strategies fired: [] | Risk: no signals to evaluate | Supervisor: risk not approved, holding",0,0,0
2026-05-20 20:17:20,CANFINHOME,HOLD,,0.0,0,0.0,,,0.0,"Data fetched for CANFINHOME: 125 rows | 0/6 strategies fired: [] | Risk: no signals to evaluate | Supervisor: risk not approved, holding",0,0,0
2026-05-20 20:17:22,CHAMBLFERT,HOLD,,0.0,0,0.0,,,0.0,"Data fetched for CHAMBLFERT: 125 rows | 0/6 strategies fired: [] | Risk: no signals to evaluate | Supervisor: risk not approved, holding",0,0,0
2026-05-20 20:17:25,CHOLAFIN,HOLD,,0.0,0,0.0,,,0.0,"Data fetched for CHOLAFIN: 125 rows | 0/6 strategies fired: [] | Risk: no signals to evaluate | Supervisor: risk not approved, holding",0,0,0
2026-05-20 20:17:27,CIPLA,HOLD,,0.0,0,0.0,,,0.0,"Data fetched for CIPLA: 125 rows | 0/6 strategies fired: [] | Risk: no signals to evaluate | Supervisor: risk not approved, holding",0,0,0
2026-05-20 20:17:29,COALINDIA,HOLD,,0.0,0,0.0,,,0.0,"Data fetched for COALINDIA: 125 rows | 0/6 strategies fired: [] | Risk: no signals to evaluate | Supervisor: risk not approved, holding",0,0,0
2026-05-20 20:17:32,COFORGE,HOLD,,0.0,0,0.0,,,0.0,"Data fetched for COFORGE: 125 rows | 0/6 strategies fired: [] | Risk: no signals to evaluate | Supervisor: risk not approved, holding",0,0,0
2026-05-20 20:17:34,COLPAL,HOLD,,0.0,0,0.0,,,0.0,"Data fetched for COLPAL: 125 rows | 0/6 strategies fired: [] | Risk: no signals to evaluate | Supervisor: risk not approved, holding",0,0,0
2026-05-20 20:17:37,CONCOR,HOLD,,0.0,0,0.0,,,0.0,"Data fetched for CONCOR: 125 rows | 0/6 strategies fired: [] | Risk: no signals to evaluate | Supervisor: risk not approved, holding",0,0,0
2026-05-20 20:17:39,COROMANDEL,HOLD,,0.0,0,0.0,,,0.0,"Data fetched for COROMANDEL: 125 rows | 0/6 strategies fired: [] | Risk: no signals to evaluate | Supervisor: risk not approved, holding",0,0,0
2026-05-20 20:17:41,CROMPTON,HOLD,,0.0,0,0.0,,,0.0,"Data fetched for CROMPTON: 125 rows | 0/6 strategies fired: [] | Risk: no signals to evaluate | Supervisor: risk not approved, holding",0,0,0
2026-05-20 20:17:44,CUB,HOLD,,0.0,0,0.0,,,0.0,"Data fetched for CUB: 125 rows | 0/6 strategies fired: [] | Risk: no signals to evaluate | Supervisor: risk not approved, holding",0,0,0
2026-05-20 20:17:47,CUMMINSIND,HOLD,,0.0,0,0.0,,,0.0,"Data fetched for CUMMINSIND: 125 rows | 0/6 strategies fired: [] | Risk: no signals to evaluate | Supervisor: risk not approved, holding",0,0,0
2026-05-20 20:17:49,DABUR,HOLD,,0.0,0,0.0,,,0.0,"Data fetched for DABUR: 125 rows | 0/6 strategies fired: [] | Risk: no signals to evaluate | Supervisor: risk not approved, holding",0,0,0
2026-05-20 20:17:51,DALBHARAT,HOLD,,0.0,0,0.0,,,0.0,"Data fetched for DALBHARAT: 125 rows | 0/6 strategies fired: [] | Risk: no signals to evaluate | Supervisor: risk not approved, holding",0,0,0
2026-05-20 20:17:53,DEEPAKNTR,HOLD,,0.0,0,0.0,,,0.0,"Data fetched for DEEPAKNTR: 125 rows | 0/6 strategies fired: [] | Risk: no signals to evaluate | Supervisor: risk not approved, holding",0,0,0
2026-05-20 20:17:56,DELTACORP,HOLD,,0.0,0,0.0,,,0.0,"Data fetched for DELTACORP: 125 rows | 0/6 strategies fired: [] | Risk: no signals to evaluate | Supervisor: risk not approved, holding",0,0,0
2026-05-20 20:17:58,DIVISLAB,HOLD,,0.0,0,0.0,,,0.0,"Data fetched for DIVISLAB: 125 rows | 0/6 strategies fired: [] | Risk: no signals to evaluate | Supervisor: risk not approved, holding",0,0,0
2026-05-20 20:18:01,DIXON,HOLD,,0.0,0,0.0,,,0.0,"Data fetched for DIXON: 125 rows | 0/6 strategies fired: [] | Risk: no signals to evaluate | Supervisor: risk not approved, holding",0,0,0
2026-05-20 20:18:04,DLF,HOLD,,0.0,0,0.0,,,0.0,"Data fetched for DLF: 125 rows | 0/6 strategies fired: [] | Risk: no signals to evaluate | Supervisor: risk not approved, holding",0,0,0
2026-05-20 20:18:06,DRREDDY,HOLD,,0.0,0,0.0,,,0.0,"Data fetched for DRREDDY: 125 rows | 0/6 strategies fired: [] | Risk: no signals to evaluate | Supervisor: risk not approved, holding",0,0,0
2026-05-20 20:18:08,EICHERMOT,HOLD,,0.0,0,0.0,,,0.0,"Data fetched for EICHERMOT: 125 rows | 0/6 strategies fired: [] | Risk: no signals to evaluate | Supervisor: risk not approved, holding",0,0,0
2026-05-20 20:18:11,ESCORTS,HOLD,,0.0,0,0.0,,,0.0,"Data fetched for ESCORTS: 125 rows | 0/6 strategies fired: [] | Risk: no signals to evaluate | Supervisor: risk not approved, holding",0,0,0
2026-05-20 20:18:13,EXIDEIND,HOLD,,0.0,0,0.0,,,0.0,"Data fetched for EXIDEIND: 125 rows | 0/6 strategies fired: [] | Risk: no signals to evaluate | Supervisor: risk not approved, holding",0,0,0
2026-05-20 20:18:16,FEDERALBNK,HOLD,,0.0,0,0.0,,,0.0,"Data fetched for FEDERALBNK: 125 rows | 0/6 strategies fired: [] | Risk: no signals to evaluate | Supervisor: risk not approved, holding",0,0,0
2026-05-20 20:18:19,GAIL,HOLD,,0.0,0,0.0,,,0.0,"Data fetched for GAIL: 125 rows | 0/6 strategies fired: [] | Risk: no signals to evaluate | Supervisor: risk not approved, holding",0,0,0
2026-05-20 20:18:21,GLENMARK,HOLD,,0.0,0,0.0,,,0.0,"Data fetched for GLENMARK: 125 rows | 0/6 strategies fired: [] | Risk: no signals to evaluate | Supervisor: risk not approved, holding",0,0,0
2026-05-20 20:18:23,GMRINFRA,HOLD,,0.0,0,0.0,,,0.0,"Data fetched for GMRINFRA: 125 rows | 0/6 strategies fired: [] | Risk: no signals to evaluate | Supervisor: risk not approved, holding",0,0,0
2026-05-20 20:18:26,GNFC,HOLD,,0.0,0,0.0,,,0.0,"Data fetched for GNFC: 125 rows | 0/6 strategies fired: [] | Risk: no signals to evaluate | Supervisor: risk not approved, holding",0,0,0
2026-05-20 20:18:29,GODREJCP,HOLD,,0.0,0,0.0,,,0.0,"Data fetched for GODREJCP: 125 rows | 0/6 strategies fired: [] | Risk: no signals to evaluate | Supervisor: risk not approved, holding",0,0,0
2026-05-20 20:18:31,GODREJPROP,HOLD,,0.0,0,0.0,,,0.0,"Data fetched for GODREJPROP: 125 rows | 0/6 strategies fired: [] | Risk: no signals to evaluate | Supervisor: risk not approved, holding",0,0,0
2026-05-20 20:18:33,GRANULES,HOLD,,0.0,0,0.0,,,0.0,"Data fetched for GRANULES: 125 rows | 0/6 strategies fired: [] | Risk: no signals to evaluate | Supervisor: risk not approved, holding",0,0,0
2026-05-20 20:18:36,GRASIM,HOLD,,0.0,0,0.0,,,0.0,"Data fetched for GRASIM: 125 rows | 0/6 strategies fired: [] | Risk: no signals to evaluate | Supervisor: risk not approved, holding",0,0,0
2026-05-20 20:18:38,GUJGASLTD,HOLD,,0.0,0,0.0,,,0.0,"Data fetched for GUJGASLTD: 125 rows | 0/6 strategies fired: [] | Risk: no signals to evaluate | Supervisor: risk not approved, holding",0,0,0
2026-05-20 20:18:41,HAL,HOLD,,0.0,0,0.0,,,0.0,"Data fetched for HAL: 125 rows | 0/6 strategies fired: [] | Risk: no signals to evaluate | Supervisor: risk not approved, holding",0,0,0
2026-05-20 20:18:43,HAVELLS,HOLD,,0.0,0,0.0,,,0.0,"Data fetched for HAVELLS: 125 rows | 0/6 strategies fired: [] | Risk: no signals to evaluate | Supervisor: risk not approved, holding",0,0,0
2026-05-20 20:18:46,HCLTECH,HOLD,,0.0,0,0.0,,,0.0,"Data fetched for HCLTECH: 125 rows | 0/6 strategies fired: [] | Risk: no signals to evaluate | Supervisor: risk not approved, holding",0,0,0
2026-05-20 20:18:49,HDFCAMC,HOLD,,0.0,0,0.0,,,0.0,"Data fetched for HDFCAMC: 125 rows | 0/6 strategies fired: [] | Risk: no signals to evaluate | Supervisor: risk not approved, holding",0,0,0
2026-05-20 20:18:51,HDFCBANK,HOLD,,0.0,0,0.0,,,0.0,"Data fetched for HDFCBANK: 125 rows | 0/6 strategies fired: [] | Risk: no signals to evaluate | Supervisor: risk not approved, holding",0,0,0
2026-05-20 20:18:53,HDFCLIFE,HOLD,,0.0,0,0.0,,,0.0,"Data fetched for HDFCLIFE: 125 rows | 0/6 strategies fired: [] | Risk: no signals to evaluate | Supervisor: risk not approved, holding",0,0,0
2026-05-20 20:18:56,HEROMOTOCO,HOLD,,0.0,0,0.0,,,0.0,"Data fetched for HEROMOTOCO: 125 rows | 0/6 strategies fired: [] | Risk: no signals to evaluate | Supervisor: risk not approved, holding",0,0,0
2026-05-20 20:19:23,HINDALCO,HOLD,AvgMomentum,0.8,0,0.0,,,0.02,"Data fetched for HINDALCO: 125 rows | 1/6 strategies fired: ['AvgMomentum'] | Risk: Only 1 rule-based signal meets the 2+ requirement threshold | Supervisor: risk not approved, holding",0,0,0
2026-05-20 20:19:26,HINDCOPPER,HOLD,,0.0,0,0.0,,,0.0,"Data fetched for HINDCOPPER: 125 rows | 0/6 strategies fired: [] | Risk: no signals to evaluate | Supervisor: risk not approved, holding",0,0,0
2026-05-20 20:19:28,HINDPETRO,HOLD,,0.0,0,0.0,,,0.0,"Data fetched for HINDPETRO: 125 rows | 0/6 strategies fired: [] | Risk: no signals to evaluate | Supervisor: risk not approved, holding",0,0,0
2026-05-20 20:19:30,HINDUNILVR,HOLD,,0.0,0,0.0,,,0.0,"Data fetched for HINDUNILVR: 125 rows | 0/6 strategies fired: [] | Risk: no signals to evaluate | Supervisor: risk not approved, holding",0,0,0
2026-05-20 20:19:33,HONAUT,HOLD,,0.0,0,0.0,,,0.0,"Data fetched for HONAUT: 125 rows | 0/6 strategies fired: [] | Risk: no signals to evaluate | Supervisor: risk not approved, holding",0,0,0
2026-05-20 20:19:35,IBULHSGFIN,HOLD,,0.0,0,0.0,,,0.0,"Data fetched for IBULHSGFIN: 125 rows | 0/6 strategies fired: [] | Risk: no signals to evaluate | Supervisor: risk not approved, holding",0,0,0
2026-05-20 20:19:37,ICICIBANK,HOLD,,0.0,0,0.0,,,0.0,"Data fetched for ICICIBANK: 125 rows | 0/6 strategies fired: [] | Risk: no signals to evaluate | Supervisor: risk not approved, holding",0,0,0
2026-05-20 20:19:40,ICICIGI,HOLD,,0.0,0,0.0,,,0.0,"Data fetched for ICICIGI: 125 rows | 0/6 strategies fired: [] | Risk: no signals to evaluate | Supervisor: risk not approved, holding",0,0,0
2026-05-20 20:19:43,ICICIPRULI,HOLD,,0.0,0,0.0,,,0.0,"Data fetched for ICICIPRULI: 125 rows | 0/6 strategies fired: [] | Risk: no signals to evaluate | Supervisor: risk not approved, holding",0,0,0
2026-05-20 20:19:45,IDFCFIRSTB,HOLD,,0.0,0,0.0,,,0.0,"Data fetched for IDFCFIRSTB: 125 rows | 0/6 strategies fired: [] | Risk: no signals to evaluate | Supervisor: risk not approved, holding",0,0,0
2026-05-20 20:19:48,IEX,HOLD,,0.0,0,0.0,,,0.0,"Data fetched for IEX: 125 rows | 0/6 strategies fired: [] | Risk: no signals to evaluate | Supervisor: risk not approved, holding",0,0,0
2026-05-20 20:19:50,IGL,HOLD,,0.0,0,0.0,,,0.0,"Data fetched for IGL: 125 rows | 0/6 strategies fired: [] | Risk: no signals to evaluate | Supervisor: risk not approved, holding",0,0,0
2026-05-20 20:19:53,INDHOTEL,HOLD,,0.0,0,0.0,,,0.0,"Data fetched for INDHOTEL: 125 rows | 0/6 strategies fired: [] | Risk: no signals to evaluate | Supervisor: risk not approved, holding",0,0,0
2026-05-20 20:19:55,INDIACEM,HOLD,,0.0,0,0.0,,,0.0,"Data fetched for INDIACEM: 125 rows | 0/6 strategies fired: [] | Risk: no signals to evaluate | Supervisor: risk not approved, holding",0,0,0
2026-05-20 20:19:58,INDIAMART,HOLD,,0.0,0,0.0,,,0.0,"Data fetched for INDIAMART: 125 rows | 0/6 strategies fired: [] | Risk: no signals to evaluate | Supervisor: risk not approved, holding",0,0,0
2026-05-20 20:20:01,INDIGO,HOLD,,0.0,0,0.0,,,0.0,"Data fetched for INDIGO: 125 rows | 0/6 strategies fired: [] | Risk: no signals to evaluate | Supervisor: risk not approved, holding",0,0,0
2026-05-20 20:20:03,INDUSINDBK,HOLD,,0.0,0,0.0,,,0.0,"Data fetched for INDUSINDBK: 125 rows | 0/6 strategies fired: [] | Risk: no signals to evaluate | Supervisor: risk not approved, holding",0,0,0
2026-05-20 20:20:06,INDUSTOWER,HOLD,,0.0,0,0.0,,,0.0,"Data fetched for INDUSTOWER: 125 rows | 0/6 strategies fired: [] | Risk: no signals to evaluate | Supervisor: risk not approved, holding",0,0,0
2026-05-20 20:20:08,INFY,HOLD,,0.0,0,0.0,,,0.0,"Data fetched for INFY: 125 rows | 0/6 strategies fired: [] | Risk: no signals to evaluate | Supervisor: risk not approved, holding",0,0,0
2026-05-20 20:20:11,INTELLECT,HOLD,,0.0,0,0.0,,,0.0,"Data fetched for INTELLECT: 125 rows | 0/6 strategies fired: [] | Risk: no signals to evaluate | Supervisor: risk not approved, holding",0,0,0
2026-05-20 20:20:14,IOC,HOLD,,0.0,0,0.0,,,0.0,"Data fetched for IOC: 125 rows | 0/6 strategies fired: [] | Risk: no signals to evaluate | Supervisor: risk not approved, holding",0,0,0
2026-05-20 20:20:16,IPCALAB,HOLD,,0.0,0,0.0,,,0.0,"Data fetched for IPCALAB: 125 rows | 0/6 strategies fired: [] | Risk: no signals to evaluate | Supervisor: risk not approved, holding",0,0,0
2026-05-20 20:20:18,IRCTC,HOLD,,0.0,0,0.0,,,0.0,"Data fetched for IRCTC: 125 rows | 0/6 strategies fired: [] | Risk: no signals to evaluate | Supervisor: risk not approved, holding",0,0,0
2026-05-20 20:20:21,ITC,HOLD,,0.0,0,0.0,,,0.0,"Data fetched for ITC: 125 rows | 0/6 strategies fired: [] | Risk: no signals to evaluate | Supervisor: risk not approved, holding",0,0,0
2026-05-20 20:20:24,JINDALSTEL,HOLD,,0.0,0,0.0,,,0.0,"Data fetched for JINDALSTEL: 125 rows | 0/6 strategies fired: [] | Risk: no signals to evaluate | Supervisor: risk not approved, holding",0,0,0
2026-05-20 20:20:27,JKCEMENT,HOLD,,0.0,0,0.0,,,0.0,"Data fetched for JKCEMENT: 125 rows | 0/6 strategies fired: [] | Risk: no signals to evaluate | Supervisor: risk not approved, holding",0,0,0
2026-05-20 20:20:29,JSWSTEEL,HOLD,,0.0,0,0.0,,,0.0,"Data fetched for JSWSTEEL: 125 rows | 0/6 strategies fired: [] | Risk: no signals to evaluate | Supervisor: risk not approved, holding",0,0,0
2026-05-20 20:20:32,JUBLFOOD,HOLD,,0.0,0,0.0,,,0.0,"Data fetched for JUBLFOOD: 125 rows | 0/6 strategies fired: [] | Risk: no signals to evaluate | Supervisor: risk not approved, holding",0,0,0
2026-05-20 20:20:35,KOTAKBANK,HOLD,,0.0,0,0.0,,,0.0,"Data fetched for KOTAKBANK: 125 rows | 0/6 strategies fired: [] | Risk: no signals to evaluate | Supervisor: risk not approved, holding",0,0,0
2026-05-20 20:20:38,LALPATHLAB,HOLD,,0.0,0,0.0,,,0.0,"Data fetched for LALPATHLAB: 125 rows | 0/6 strategies fired: [] | Risk: no signals to evaluate | Supervisor: risk not approved, holding",0,0,0
2026-05-20 20:20:40,LAURUSLABS,HOLD,,0.0,0,0.0,,,0.0,"Data fetched for LAURUSLABS: 125 rows | 0/6 strategies fired: [] | Risk: no signals to evaluate | Supervisor: risk not approved, holding",0,0,0
2026-05-20 20:20:43,LICHSGFIN,HOLD,,0.0,0,0.0,,,0.0,"Data fetched for LICHSGFIN: 125 rows | 0/6 strategies fired: [] | Risk: no signals to evaluate | Supervisor: risk not approved, holding",0,0,0
2026-05-20 20:20:45,LT,HOLD,,0.0,0,0.0,,,0.0,"Data fetched for LT: 125 rows | 0/6 strategies fired: [] | Risk: no signals to evaluate | Supervisor: risk not approved, holding",0,0,0
2026-05-20 20:20:48,L&TFH,HOLD,,0.0,0,0.0,,,0.0,"Data fetched for L&TFH: 125 rows | 0/6 strategies fired: [] | Risk: no signals to evaluate | Supervisor: risk not approved, holding",0,0,0
2026-05-20 20:20:50,LTIM,HOLD,,0.0,0,0.0,,,0.0,"Data fetched for LTIM: 125 rows | 0/6 strategies fired: [] | Risk: no signals to evaluate | Supervisor: risk not approved, holding",0,0,0
2026-05-20 20:20:53,LTTS,HOLD,,0.0,0,0.0,,,0.0,"Data fetched for LTTS: 125 rows | 0/6 strategies fired: [] | Risk: no signals to evaluate | Supervisor: risk not approved, holding",0,0,0
2026-05-20 20:20:56,LUPIN,HOLD,,0.0,0,0.0,,,0.0,"Data fetched for LUPIN: 125 rows | 0/6 strategies fired: [] | Risk: no signals to evaluate | Supervisor: risk not approved, holding",0,0,0
2026-05-20 20:20:58,MANAPPURAM,HOLD,,0.0,0,0.0,,,0.0,"Data fetched for MANAPPURAM: 125 rows | 0/6 strategies fired: [] | Risk: no signals to evaluate | Supervisor: risk not approved, holding",0,0,0
2026-05-20 20:21:00,MARICO,HOLD,,0.0,0,0.0,,,0.0,"Data fetched for MARICO: 125 rows | 0/6 strategies fired: [] | Risk: no signals to evaluate | Supervisor: risk not approved, holding",0,0,0
2026-05-20 20:21:03,MARUTI,HOLD,,0.0,0,0.0,,,0.0,"Data fetched for MARUTI: 125 rows | 0/6 strategies fired: [] | Risk: no signals to evaluate | Supervisor: risk not approved, holding",0,0,0
2026-05-20 20:21:06,MCDOWELL-N,HOLD,,0.0,0,0.0,,,0.0,"Data fetched for MCDOWELL-N: 125 rows | 0/6 strategies fired: [] | Risk: no signals to evaluate | Supervisor: risk not approved, holding",0,0,0
2026-05-20 20:21:08,MCX,HOLD,,0.0,0,0.0,,,0.0,"Data fetched for MCX: 125 rows | 0/6 strategies fired: [] | Risk: no signals to evaluate | Supervisor: risk not approved, holding",0,0,0
2026-05-20 20:21:11,METROPOLIS,HOLD,,0.0,0,0.0,,,0.0,"Data fetched for METROPOLIS: 125 rows | 0/6 strategies fired: [] | Risk: no signals to evaluate | Supervisor: risk not approved, holding",0,0,0
2026-05-20 20:21:13,MFSL,HOLD,,0.0,0,0.0,,,0.0,"Data fetched for MFSL: 125 rows | 0/6 strategies fired: [] | Risk: no signals to evaluate | Supervisor: risk not approved, holding",0,0,0
2026-05-20 20:21:16,MGL,HOLD,,0.0,0,0.0,,,0.0,"Data fetched for MGL: 125 rows | 0/6 strategies fired: [] | Risk: no signals to evaluate | Supervisor: risk not approved, holding",0,0,0
2026-05-20 20:21:18,M&M,HOLD,,0.0,0,0.0,,,0.0,"Data fetched for M&M: 125 rows | 0/6 strategies fired: [] | Risk: no signals to evaluate | Supervisor: risk not approved, holding",0,0,0
2026-05-20 20:21:21,M&MFIN,HOLD,,0.0,0,0.0,,,0.0,"Data fetched for M&MFIN: 125 rows | 0/6 strategies fired: [] | Risk: no signals to evaluate | Supervisor: risk not approved, holding",0,0,0
2026-05-20 20:21:56,MOTHERSON,HOLD,Momentum,0.82,0,0.0,,,0.02,"Data fetched for MOTHERSON: 125 rows | 1/6 strategies fired: ['Momentum'] | Risk: Insufficient signals | Supervisor: risk not approved, holding",1,0,0
2026-05-20 20:21:59,MPHASIS,HOLD,,0.0,0,0.0,,,0.0,"Data fetched for MPHASIS: 125 rows | 0/6 strategies fired: [] | Risk: no signals to evaluate | Supervisor: risk not approved, holding",0,0,0
2026-05-20 20:22:01,MRF,HOLD,,0.0,0,0.0,,,0.0,"Data fetched for MRF: 125 rows | 0/6 strategies fired: [] | Risk: no signals to evaluate | Supervisor: risk not approved, holding",0,0,0
2026-05-20 20:22:04,MUTHOOTFIN,HOLD,,0.0,0,0.0,,,0.0,"Data fetched for MUTHOOTFIN: 125 rows | 0/6 strategies fired: [] | Risk: no signals to evaluate | Supervisor: risk not approved, holding",0,0,0
2026-05-20 20:22:06,NATIONALUM,HOLD,,0.0,0,0.0,,,0.0,"Data fetched for NATIONALUM: 125 rows | 0/6 strategies fired: [] | Risk: no signals to evaluate | Supervisor: risk not approved, holding",0,0,0
2026-05-20 20:22:09,NAUKRI,HOLD,,0.0,0,0.0,,,0.0,"Data fetched for NAUKRI: 125 rows | 0/6 strategies fired: [] | Risk: no signals to evaluate | Supervisor: risk not approved, holding",0,0,0
2026-05-20 20:22:11,NAVINFLUOR,HOLD,,0.0,0,0.0,,,0.0,"Data fetched for NAVINFLUOR: 125 rows | 0/6 strategies fired: [] | Risk: no signals to evaluate | Supervisor: risk not approved, holding",0,0,0
2026-05-20 20:22:14,NESTLEIND,HOLD,,0.0,0,0.0,,,0.0,"Data fetched for NESTLEIND: 125 rows | 0/6 strategies fired: [] | Risk: no signals to evaluate | Supervisor: risk not approved, holding",0,0,0
2026-05-20 20:22:16,NMDC,HOLD,,0.0,0,0.0,,,0.0,"Data fetched for NMDC: 125 rows | 0/6 strategies fired: [] | Risk: no signals to evaluate | Supervisor: risk not approved, holding",0,0,0
2026-05-20 20:22:18,NTPC,HOLD,,0.0,0,0.0,,,0.0,"Data fetched for NTPC: 125 rows | 0/6 strategies fired: [] | Risk: no signals to evaluate | Supervisor: risk not approved, holding",0,0,0
2026-05-20 20:22:21,OBEROIRLTY,HOLD,,0.0,0,0.0,,,0.0,"Data fetched for OBEROIRLTY: 125 rows | 0/6 strategies fired: [] | Risk: no signals to evaluate | Supervisor: risk not approved, holding",0,0,0
2026-05-20 20:22:24,OFSS,HOLD,,0.0,0,0.0,,,0.0,"Data fetched for OFSS: 125 rows | 0/6 strategies fired: [] | Risk: no signals to evaluate | Supervisor: risk not approved, holding",0,0,0
2026-05-20 20:22:27,ONGC,HOLD,,0.0,0,0.0,,,0.0,"Data fetched for ONGC: 125 rows | 0/6 strategies fired: [] | Risk: no signals to evaluate | Supervisor: risk not approved, holding",0,0,0
2026-05-20 20:22:30,PAGEIND,HOLD,,0.0,0,0.0,,,0.0,"Data fetched for PAGEIND: 125 rows | 0/6 strategies fired: [] | Risk: no signals to evaluate | Supervisor: risk not approved, holding",0,0,0
2026-05-20 20:22:32,PERSISTENT,HOLD,,0.0,0,0.0,,,0.0,"Data fetched for PERSISTENT: 125 rows | 0/6 strategies fired: [] | Risk: no signals to evaluate | Supervisor: risk not approved, holding",0,0,0
2026-05-20 20:22:35,PETRONET,HOLD,,0.0,0,0.0,,,0.0,"Data fetched for PETRONET: 125 rows | 0/6 strategies fired: [] | Risk: no signals to evaluate | Supervisor: risk not approved, holding",0,0,0
2026-05-20 20:22:37,PFC,HOLD,,0.0,0,0.0,,,0.0,"Data fetched for PFC: 125 rows | 0/6 strategies fired: [] | Risk: no signals to evaluate | Supervisor: risk not approved, holding",0,0,0
2026-05-20 20:22:40,PIDILITIND,HOLD,,0.0,0,0.0,,,0.0,"Data fetched for PIDILITIND: 125 rows | 0/6 strategies fired: [] | Risk: no signals to evaluate | Supervisor: risk not approved, holding",0,0,0
2026-05-20 20:22:42,PIIND,HOLD,,0.0,0,0.0,,,0.0,"Data fetched for PIIND: 125 rows | 0/6 strategies fired: [] | Risk: no signals to evaluate | Supervisor: risk not approved, holding",0,0,0
2026-05-20 20:22:45,PNB,HOLD,,0.0,0,0.0,,,0.0,"Data fetched for PNB: 125 rows | 0/6 strategies fired: [] | Risk: no signals to evaluate | Supervisor: risk not approved, holding",0,0,0
2026-05-20 20:22:47,POLYCAB,HOLD,,0.0,0,0.0,,,0.0,"Data fetched for POLYCAB: 125 rows | 0/6 strategies fired: [] | Risk: no signals to evaluate | Supervisor: risk not approved, holding",0,0,0
2026-05-20 20:22:50,POWERGRID,HOLD,,0.0,0,0.0,,,0.0,"Data fetched for POWERGRID: 125 rows | 0/6 strategies fired: [] | Risk: no signals to evaluate | Supervisor: risk not approved, holding",0,0,0
2026-05-20 20:22:53,PVR,HOLD,,0.0,0,0.0,,,0.0,"Data fetched for PVR: 125 rows | 0/6 strategies fired: [] | Risk: no signals to evaluate | Supervisor: risk not approved, holding",0,0,0
2026-05-20 20:22:56,RAIN,HOLD,,0.0,0,0.0,,,0.0,"Data fetched for RAIN: 125 rows | 0/6 strategies fired: [] | Risk: no signals to evaluate | Supervisor: risk not approved, holding",0,0,0
2026-05-20 20:22:58,RAMCOCEM,HOLD,,0.0,0,0.0,,,0.0,"Data fetched for RAMCOCEM: 125 rows | 0/6 strategies fired: [] | Risk: no signals to evaluate | Supervisor: risk not approved, holding",0,0,0
2026-05-20 20:23:01,RBLBANK,HOLD,,0.0,0,0.0,,,0.0,"Data fetched for RBLBANK: 125 rows | 0/6 strategies fired: [] | Risk: no signals to evaluate | Supervisor: risk not approved, holding",0,0,0
2026-05-20 20:23:03,RECLTD,HOLD,,0.0,0,0.0,,,0.0,"Data fetched for RECLTD: 125 rows | 0/6 strategies fired: [] | Risk: no signals to evaluate | Supervisor: risk not approved, holding",0,0,0
2026-05-20 20:23:06,RELIANCE,HOLD,,0.0,0,0.0,,,0.0,"Data fetched for RELIANCE: 125 rows | 0/6 strategies fired: [] | Risk: no signals to evaluate | Supervisor: risk not approved, holding",0,0,0
2026-05-20 20:23:08,SAIL,HOLD,,0.0,0,0.0,,,0.0,"Data fetched for SAIL: 125 rows | 0/6 strategies fired: [] | Risk: no signals to evaluate | Supervisor: risk not approved, holding",0,0,0
2026-05-20 20:23:14,SBICARD,HOLD,,0.0,0,0.0,,,0.0,"Data fetched for SBICARD: 125 rows | 0/6 strategies fired: [] | Risk: no signals to evaluate | Supervisor: risk not approved, holding",0,0,0
2026-05-20 20:23:17,SBILIFE,HOLD,,0.0,0,0.0,,,0.0,"Data fetched for SBILIFE: 125 rows | 0/6 strategies fired: [] | Risk: no signals to evaluate | Supervisor: risk not approved, holding",0,0,0
2026-05-20 20:23:20,SBIN,HOLD,,0.0,0,0.0,,,0.0,"Data fetched for SBIN: 125 rows | 0/6 strategies fired: [] | Risk: no signals to evaluate | Supervisor: risk not approved, holding",0,0,0
2026-05-20 20:23:22,SHREECEM,HOLD,,0.0,0,0.0,,,0.0,"Data fetched for SHREECEM: 125 rows | 0/6 strategies fired: [] | Risk: no signals to evaluate | Supervisor: risk not approved, holding",0,0,0
2026-05-20 20:23:24,SHRIRAMFIN,HOLD,,0.0,0,0.0,,,0.0,"Data fetched for SHRIRAMFIN: 125 rows | 0/6 strategies fired: [] | Risk: no signals to evaluate | Supervisor: risk not approved, holding",0,0,0
2026-05-20 20:23:27,SIEMENS,HOLD,,0.0,0,0.0,,,0.0,"Data fetched for SIEMENS: 125 rows | 0/6 strategies fired: [] | Risk: no signals to evaluate | Supervisor: risk not approved, holding",0,0,0
2026-05-20 20:23:29,SRF,HOLD,,0.0,0,0.0,,,0.0,"Data fetched for SRF: 125 rows | 0/6 strategies fired: [] | Risk: no signals to evaluate | Supervisor: risk not approved, holding",0,0,0
2026-05-20 20:23:31,SUNPHARMA,HOLD,,0.0,0,0.0,,,0.0,"Data fetched for SUNPHARMA: 125 rows | 0/6 strategies fired: [] | Risk: no signals to evaluate | Supervisor: risk not approved, holding",0,0,0
2026-05-20 20:23:34,SUNTV,HOLD,,0.0,0,0.0,,,0.0,"Data fetched for SUNTV: 125 rows | 0/6 strategies fired: [] | Risk: no signals to evaluate | Supervisor: risk not approved, holding",0,0,0
2026-05-20 20:23:37,SYNGENE,HOLD,,0.0,0,0.0,,,0.0,"Data fetched for SYNGENE: 125 rows | 0/6 strategies fired: [] | Risk: no signals to evaluate | Supervisor: risk not approved, holding",0,0,0
2026-05-20 20:23:40,TATACHEM,HOLD,,0.0,0,0.0,,,0.0,"Data fetched for TATACHEM: 125 rows | 0/6 strategies fired: [] | Risk: no signals to evaluate | Supervisor: risk not approved, holding",0,0,0
2026-05-20 20:23:43,TATACOMM,HOLD,,0.0,0,0.0,,,0.0,"Data fetched for TATACOMM: 125 rows | 0/6 strategies fired: [] | Risk: no signals to evaluate | Supervisor: risk not approved, holding",0,0,0
2026-05-20 20:23:45,TATACONSUM,HOLD,,0.0,0,0.0,,,0.0,"Data fetched for TATACONSUM: 125 rows | 0/6 strategies fired: [] | Risk: no signals to evaluate | Supervisor: risk not approved, holding",0,0,0
2026-05-20 20:23:47,TATAMOTORS,HOLD,,0.0,0,0.0,,,0.0,"Data fetched for TATAMOTORS: 125 rows | 0/6 strategies fired: [] | Risk: no signals to evaluate | Supervisor: risk not approved, holding",0,0,0
2026-05-20 20:23:50,TATAPOWER,HOLD,,0.0,0,0.0,,,0.0,"Data fetched for TATAPOWER: 125 rows | 0/6 strategies fired: [] | Risk: no signals to evaluate | Supervisor: risk not approved, holding",0,0,0
2026-05-20 20:23:52,TATASTEEL,HOLD,,0.0,0,0.0,,,0.0,"Data fetched for TATASTEEL: 125 rows | 0/6 strategies fired: [] | Risk: no signals to evaluate | Supervisor: risk not approved, holding",0,0,0
2026-05-20 20:23:55,TCS,HOLD,,0.0,0,0.0,,,0.0,"Data fetched for TCS: 125 rows | 0/6 strategies fired: [] | Risk: no signals to evaluate | Supervisor: risk not approved, holding",0,0,0
2026-05-20 20:23:57,TECHM,HOLD,,0.0,0,0.0,,,0.0,"Data fetched for TECHM: 125 rows | 0/6 strategies fired: [] | Risk: no signals to evaluate | Supervisor: risk not approved, holding",0,0,0
2026-05-20 20:24:00,TITAN,HOLD,,0.0,0,0.0,,,0.0,"Data fetched for TITAN: 125 rows | 0/6 strategies fired: [] | Risk: no signals to evaluate | Supervisor: risk not approved, holding",0,0,0
2026-05-20 20:24:03,TORNTPHARM,HOLD,,0.0,0,0.0,,,0.0,"Data fetched for TORNTPHARM: 125 rows | 0/6 strategies fired: [] | Risk: no signals to evaluate | Supervisor: risk not approved, holding",0,0,0
2026-05-20 20:24:05,TRENT,HOLD,,0.0,0,0.0,,,0.0,"Data fetched for TRENT: 125 rows | 0/6 strategies fired: [] | Risk: no signals to evaluate | Supervisor: risk not approved, holding",0,0,0
2026-05-20 20:24:08,TVSMOTOR,HOLD,,0.0,0,0.0,,,0.0,"Data fetched for TVSMOTOR: 125 rows | 0/6 strategies fired: [] | Risk: no signals to evaluate | Supervisor: risk not approved, holding",0,0,0
2026-05-20 20:24:10,UBL,HOLD,,0.0,0,0.0,,,0.0,"Data fetched for UBL: 125 rows | 0/6 strategies fired: [] | Risk: no signals to evaluate | Supervisor: risk not approved, holding",0,0,0
2026-05-20 20:24:13,ULTRACEMCO,HOLD,,0.0,0,0.0,,,0.0,"Data fetched for ULTRACEMCO: 125 rows | 0/6 strategies fired: [] | Risk: no signals to evaluate | Supervisor: risk not approved, holding",0,0,0
2026-05-20 20:24:15,UPL,HOLD,,0.0,0,0.0,,,0.0,"Data fetched for UPL: 125 rows | 0/6 strategies fired: [] | Risk: no signals to evaluate | Supervisor: risk not approved, holding",0,0,0
2026-05-20 20:24:18,VEDL,HOLD,,0.0,0,0.0,,,0.0,"Data fetched for VEDL: 125 rows | 0/6 strategies fired: [] | Risk: no signals to evaluate | Supervisor: risk not approved, holding",0,0,0
2026-05-20 20:24:20,VOLTAS,HOLD,,0.0,0,0.0,,,0.0,"Data fetched for VOLTAS: 125 rows | 0/6 strategies fired: [] | Risk: no signals to evaluate | Supervisor: risk not approved, holding",0,0,0
2026-05-20 20:24:23,WHIRLPOOL,HOLD,,0.0,0,0.0,,,0.0,"Data fetched for WHIRLPOOL: 125 rows | 0/6 strategies fired: [] | Risk: no signals to evaluate | Supervisor: risk not approved, holding",0,0,0
2026-05-20 20:24:25,WIPRO,HOLD,,0.0,0,0.0,,,0.0,"Data fetched for WIPRO: 125 rows | 0/6 strategies fired: [] | Risk: no signals to evaluate | Supervisor: risk not approved, holding",0,0,0
2026-05-20 20:24:28,ZEEL,HOLD,,0.0,0,0.0,,,0.0,"Data fetched for ZEEL: 125 rows | 0/6 strategies fired: [] | Risk: no signals to evaluate | Supervisor: risk not approved, holding",0,0,0
2026-05-20 20:25:02,ZYDUSLIFE,BUY,"Momentum, AvgMomentum",0.81,1,0.81,wait for pullback,swing,0.02,"Data fetched for ZYDUSLIFE: 125 rows | 2/6 strategies fired: ['Momentum', 'AvgMomentum'] | Risk: 2 rule-based signals agree | Supervisor: Momentum and AvgMomentum strategies agree on BUY with strong confidence. RSI is overbought but MACD and EMA crossover indicate bullish trend. ADX confirms strong trend strength. However, caution is warranted due to overbought conditions.",1,0,0
2026-05-20 20:55:03,ARVIND,HOLD,,0.0,0,0.0,,,0.0,"Data fetched for ARVIND: 125 rows | 0/6 strategies fired: [] | Risk: no signals to evaluate | Supervisor: risk not approved, holding",0,0,0
2026-05-20 20:55:06,BANKINDIA,HOLD,,0.0,0,0.0,,,0.0,"Data fetched for BANKINDIA: 125 rows | 0/6 strategies fired: [] | Risk: no signals to evaluate | Supervisor: risk not approved, holding",0,0,0
2026-05-20 20:55:08,BEML,HOLD,,0.0,0,0.0,,,0.0,"Data fetched for BEML: 125 rows | 0/6 strategies fired: [] | Risk: no signals to evaluate | Supervisor: risk not approved, holding",0,0,0
2026-05-20 20:55:11,CASTROLIND,HOLD,,0.0,0,0.0,,,0.0,"Data fetched for CASTROLIND: 125 rows | 0/6 strategies fired: [] | Risk: no signals to evaluate | Supervisor: risk not approved, holding",0,0,0
2026-05-20 20:55:13,CEATLTD,HOLD,,0.0,0,0.0,,,0.0,"Data fetched for CEATLTD: 125 rows | 0/6 strategies fired: [] | Risk: no signals to evaluate | Supervisor: risk not approved, holding",0,0,0
2026-05-20 20:55:16,CENTURYTEX,HOLD,,0.0,0,0.0,,,0.0,"Data fetched for CENTURYTEX: 125 rows | 0/6 strategies fired: [] | Risk: no signals to evaluate | Supervisor: risk not approved, holding",0,0,0
2026-05-20 20:55:18,CESC,HOLD,,0.0,0,0.0,,,0.0,"Data fetched for CESC: 125 rows | 0/6 strategies fired: [] | Risk: no signals to evaluate | Supervisor: risk not approved, holding",0,0,0
2026-05-20 20:55:21,DISHTV,HOLD,,0.0,0,0.0,,,0.0,"Data fetched for DISHTV: 125 rows | 0/6 strategies fired: [] | Risk: no signals to evaluate | Supervisor: risk not approved, holding",0,0,0
2026-05-20 20:55:24,ENGINERSIN,HOLD,,0.0,0,0.0,,,0.0,"Data fetched for ENGINERSIN: 125 rows | 0/6 strategies fired: [] | Risk: no signals to evaluate | Supervisor: risk not approved, holding",0,0,0
2026-05-20 20:55:27,GODREJIND,HOLD,,0.0,0,0.0,,,0.0,"Data fetched for GODREJIND: 125 rows | 0/6 strategies fired: [] | Risk: no signals to evaluate | Supervisor: risk not approved, holding",0,0,0
2026-05-20 20:55:29,HINDZINC,HOLD,,0.0,0,0.0,,,0.0,"Data fetched for HINDZINC: 125 rows | 0/6 strategies fired: [] | Risk: no signals to evaluate | Supervisor: risk not approved, holding",0,0,0
2026-05-20 20:55:32,IBREALEST,HOLD,,0.0,0,0.0,,,0.0,"Data fetched for IBREALEST: 113 rows | 0/6 strategies fired: [] | Risk: no signals to evaluate | Supervisor: risk not approved, holding",0,0,0
2026-05-20 20:55:59,ICIL,HOLD,Momentum,0.82,0,0.0,,,0.02,"Data fetched for ICIL: 125 rows | 1/6 strategies fired: ['Momentum'] | Risk: ATR_pct exceeds 0.04 threshold | Supervisor: risk not approved, holding",1,0,0
2026-05-20 20:56:01,IDBI,HOLD,,0.0,0,0.0,,,0.0,"Data fetched for IDBI: 125 rows | 0/6 strategies fired: [] | Risk: no signals to evaluate | Supervisor: risk not approved, holding",0,0,0
2026-05-20 20:56:04,IFCI,HOLD,,0.0,0,0.0,,,0.0,"Data fetched for IFCI: 125 rows | 0/6 strategies fired: [] | Risk: no signals to evaluate | Supervisor: risk not approved, holding",0,0,0
2026-05-20 20:56:06,IOB,HOLD,,0.0,0,0.0,,,0.0,"Data fetched for IOB: 125 rows | 0/6 strategies fired: [] | Risk: no signals to evaluate | Supervisor: risk not approved, holding",0,0,0
2026-05-20 20:56:09,IRB,HOLD,,0.0,0,0.0,,,0.0,"Data fetched for IRB: 125 rows | 0/6 strategies fired: [] | Risk: no signals to evaluate | Supervisor: risk not approved, holding",0,0,0
2026-05-20 20:56:12,JISLJALEQS,HOLD,,0.0,0,0.0,,,0.0,"Data fetched for JISLJALEQS: 125 rows | 0/6 strategies fired: [] | Risk: no signals to evaluate | Supervisor: risk not approved, holding",0,0,0
2026-05-20 20:56:14,JSWENERGY,HOLD,,0.0,0,0.0,,,0.0,"Data fetched for JSWENERGY: 125 rows | 0/6 strategies fired: [] | Risk: no signals to evaluate | Supervisor: risk not approved, holding",0,0,0
2026-05-20 20:56:17,JUSTDIAL,HOLD,,0.0,0,0.0,,,0.0,"Data fetched for JUSTDIAL: 125 rows | 0/6 strategies fired: [] | Risk: no signals to evaluate | Supervisor: risk not approved, holding",0,0,0
2026-05-20 20:56:19,KSCL,HOLD,,0.0,0,0.0,,,0.0,"Data fetched for KSCL: 125 rows | 0/6 strategies fired: [] | Risk: no signals to evaluate | Supervisor: risk not approved, holding",0,0,0
2026-05-20 20:56:22,KTKBANK,HOLD,,0.0,0,0.0,,,0.0,"Data fetched for KTKBANK: 125 rows | 0/6 strategies fired: [] | Risk: no signals to evaluate | Supervisor: risk not approved, holding",0,0,0
2026-05-20 20:56:24,NCC,HOLD,,0.0,0,0.0,,,0.0,"Data fetched for NCC: 125 rows | 0/6 strategies fired: [] | Risk: no signals to evaluate | Supervisor: risk not approved, holding",0,0,0
2026-05-20 20:56:27,NHPC,HOLD,,0.0,0,0.0,,,0.0,"Data fetched for NHPC: 125 rows | 0/6 strategies fired: [] | Risk: no signals to evaluate | Supervisor: risk not approved, holding",0,0,0
2026-05-20 20:56:30,OIL,HOLD,,0.0,0,0.0,,,0.0,"Data fetched for OIL: 125 rows | 0/6 strategies fired: [] | Risk: no signals to evaluate | Supervisor: risk not approved, holding",0,0,0
2026-05-20 20:56:32,PCJEWELLER,HOLD,,0.0,0,0.0,,,0.0,"Data fetched for PCJEWELLER: 125 rows | 0/6 strategies fired: [] | Risk: no signals to evaluate | Supervisor: risk not approved, holding",0,0,0
2026-05-20 20:56:35,PTC,HOLD,,0.0,0,0.0,,,0.0,"Data fetched for PTC: 125 rows | 0/6 strategies fired: [] | Risk: no signals to evaluate | Supervisor: risk not approved, holding",0,0,0
2026-05-20 20:56:38,RELINFRA,HOLD,,0.0,0,0.0,,,0.0,"Data fetched for RELINFRA: 82 rows | 0/6 strategies fired: [] | Risk: no signals to evaluate | Supervisor: risk not approved, holding",0,0,0
2026-05-20 20:56:40,RPOWER,HOLD,,0.0,0,0.0,,,0.0,"Data fetched for RPOWER: 125 rows | 0/6 strategies fired: [] | Risk: no signals to evaluate | Supervisor: risk not approved, holding",0,0,0
2026-05-20 20:56:43,SOUTHBANK,HOLD,,0.0,0,0.0,,,0.0,"Data fetched for SOUTHBANK: 125 rows | 0/6 strategies fired: [] | Risk: no signals to evaluate | Supervisor: risk not approved, holding",0,0,0
2026-05-20 20:56:46,STAR,HOLD,,0.0,0,0.0,,,0.0,"Data fetched for STAR: 125 rows | 0/6 strategies fired: [] | Risk: no signals to evaluate | Supervisor: risk not approved, holding",0,0,0
2026-05-20 20:56:48,TATAELXSI,HOLD,,0.0,0,0.0,,,0.0,"Data fetched for TATAELXSI: 125 rows | 0/6 strategies fired: [] | Risk: no signals to evaluate | Supervisor: risk not approved, holding",0,0,0
2026-05-20 20:56:51,UCOBANK,HOLD,,0.0,0,0.0,,,0.0,"Data fetched for UCOBANK: 125 rows | 0/6 strategies fired: [] | Risk: no signals to evaluate | Supervisor: risk not approved, holding",0,0,0
2026-05-20 20:56:53,UNIONBANK,HOLD,,0.0,0,0.0,,,0.0,"Data fetched for UNIONBANK: 125 rows | 0/6 strategies fired: [] | Risk: no signals to evaluate | Supervisor: risk not approved, holding",0,0,0
2026-05-20 20:56:56,YESBANK,HOLD,,0.0,0,0.0,,,0.0,"Data fetched for YESBANK: 125 rows | 0/6 strategies fired: [] | Risk: no signals to evaluate | Supervisor: risk not approved, holding",0,0,0
2026-05-20 20:56:59,CGPOWER,HOLD,,0.0,0,0.0,,,0.0,"Data fetched for CGPOWER: 125 rows | 0/6 strategies fired: [] | Risk: no signals to evaluate | Supervisor: risk not approved, holding",0,0,0
2026-05-20 20:57:02,CHENNPETRO,HOLD,,0.0,0,0.0,,,0.0,"Data fetched for CHENNPETRO: 125 rows | 0/6 strategies fired: [] | Risk: no signals to evaluate | Supervisor: risk not approved, holding",0,0,0
2026-05-20 20:57:04,DCBBANK,HOLD,,0.0,0,0.0,,,0.0,"Data fetched for DCBBANK: 125 rows | 0/6 strategies fired: [] | Risk: no signals to evaluate | Supervisor: risk not approved, holding",0,0,0
2026-05-20 20:57:07,GODFRYPHLP,HOLD,,0.0,0,0.0,,,0.0,"Data fetched for GODFRYPHLP: 125 rows | 0/6 strategies fired: [] | Risk: no signals to evaluate | Supervisor: risk not approved, holding",0,0,0
2026-05-20 20:57:09,GSFC,HOLD,,0.0,0,0.0,,,0.0,"Data fetched for GSFC: 125 rows | 0/6 strategies fired: [] | Risk: no signals to evaluate | Supervisor: risk not approved, holding",0,0,0
2026-05-20 20:57:12,INDIANB,HOLD,,0.0,0,0.0,,,0.0,"Data fetched for INDIANB: 125 rows | 0/6 strategies fired: [] | Risk: no signals to evaluate | Supervisor: risk not approved, holding",0,0,0
2026-05-20 20:57:15,INFIBEAM,HOLD,,0.0,0,0.0,,,0.0,"Data fetched for INFIBEAM: 125 rows | 0/6 strategies fired: [] | Risk: no signals to evaluate | Supervisor: risk not approved, holding",0,0,0
2026-05-20 20:57:18,KAJARIACER,HOLD,,0.0,0,0.0,,,0.0,"Data fetched for KAJARIACER: 125 rows | 0/6 strategies fired: [] | Risk: no signals to evaluate | Supervisor: risk not approved, holding",0,0,0
2026-05-20 20:57:20,MRPL,HOLD,,0.0,0,0.0,,,0.0,"Data fetched for MRPL: 125 rows | 0/6 strategies fired: [] | Risk: no signals to evaluate | Supervisor: risk not approved, holding",0,0,0
2026-05-20 20:57:23,NBCC,HOLD,,0.0,0,0.0,,,0.0,"Data fetched for NBCC: 125 rows | 0/6 strategies fired: [] | Risk: no signals to evaluate | Supervisor: risk not approved, holding",0,0,0
2026-05-20 20:57:26,RAYMOND,HOLD,,0.0,0,0.0,,,0.0,"Data fetched for RAYMOND: 125 rows | 0/6 strategies fired: [] | Risk: no signals to evaluate | Supervisor: risk not approved, holding",0,0,0
2026-05-20 20:57:29,REPCOHOME,HOLD,,0.0,0,0.0,,,0.0,"Data fetched for REPCOHOME: 125 rows | 0/6 strategies fired: [] | Risk: no signals to evaluate | Supervisor: risk not approved, holding",0,0,0
2026-05-20 20:57:32,TORNTPOWER,HOLD,,0.0,0,0.0,,,0.0,"Data fetched for TORNTPOWER: 125 rows | 0/6 strategies fired: [] | Risk: no signals to evaluate | Supervisor: risk not approved, holding",0,0,0
2026-05-20 20:57:35,VGUARD,HOLD,,0.0,0,0.0,,,0.0,"Data fetched for VGUARD: 125 rows | 0/6 strategies fired: [] | Risk: no signals to evaluate | Supervisor: risk not approved, holding",0,0,0
2026-05-20 20:57:37,APLLTD,HOLD,,0.0,0,0.0,,,0.0,"Data fetched for APLLTD: 125 rows | 0/6 strategies fired: [] | Risk: no signals to evaluate | Supervisor: risk not approved, holding",0,0,0
2026-05-20 20:57:40,NAM-INDIA,HOLD,,0.0,0,0.0,,,0.0,"Data fetched for NAM-INDIA: 125 rows | 0/6 strategies fired: [] | Risk: no signals to evaluate | Supervisor: risk not approved, holding",0,0,0
2026-05-20 20:57:43,PFIZER,HOLD,,0.0,0,0.0,,,0.0,"Data fetched for PFIZER: 125 rows | 0/6 strategies fired: [] | Risk: no signals to evaluate | Supervisor: risk not approved, holding",0,0,0
2026-05-20 20:57:45,FSL,HOLD,,0.0,0,0.0,,,0.0,"Data fetched for FSL: 125 rows | 0/6 strategies fired: [] | Risk: no signals to evaluate | Supervisor: risk not approved, holding",0,0,0
2026-05-20 20:57:48,GSPL,HOLD,,0.0,0,0.0,,,0.0,"Data fetched for GSPL: 118 rows | 0/6 strategies fired: [] | Risk: no signals to evaluate | Supervisor: risk not approved, holding",0,0,0
2026-05-20 20:57:51,FORTIS,HOLD,,0.0,0,0.0,,,0.0,"Data fetched for FORTIS: 125 rows | 0/6 strategies fired: [] | Risk: no signals to evaluate | Supervisor: risk not approved, holding",0,0,0
2026-05-20 20:57:54,HCC,HOLD,,0.0,0,0.0,,,0.0,"Data fetched for HCC: 125 rows | 0/6 strategies fired: [] | Risk: no signals to evaluate | Supervisor: risk not approved, holding",0,0,0
2026-05-20 20:57:56,JPASSOCIAT,HOLD,,0.0,0,0.0,,,0.0,"Data fetched for JPASSOCIAT: 39 rows | 0/6 strategies fired: [] | Risk: no signals to evaluate | Supervisor: risk not approved, holding",0,0,0
2026-05-20 20:57:59,DELHIVERY,HOLD,,0.0,0,0.0,,,0.0,"Data fetched for DELHIVERY: 125 rows | 0/6 strategies fired: [] | Risk: no signals to evaluate | Supervisor: risk not approved, holding",0,0,0
2026-05-20 20:58:01,ATGL,HOLD,,0.0,0,0.0,,,0.0,"Data fetched for ATGL: 125 rows | 0/6 strategies fired: [] | Risk: no signals to evaluate | Supervisor: risk not approved, holding",0,0,0
2026-05-20 20:58:04,DMART,HOLD,,0.0,0,0.0,,,0.0,"Data fetched for DMART: 125 rows | 0/6 strategies fired: [] | Risk: no signals to evaluate | Supervisor: risk not approved, holding",0,0,0
2026-05-20 20:58:07,ADANIENSOL,HOLD,,0.0,0,0.0,,,0.0,"Data fetched for ADANIENSOL: 125 rows | 0/6 strategies fired: [] | Risk: no signals to evaluate | Supervisor: risk not approved, holding",0,0,0
2026-05-20 20:58:10,POLICYBZR,HOLD,,0.0,0,0.0,,,0.0,"Data fetched for POLICYBZR: 125 rows | 0/6 strategies fired: [] | Risk: no signals to evaluate | Supervisor: risk not approved, holding",0,0,0
2026-05-20 20:58:13,KALYANKJIL,HOLD,,0.0,0,0.0,,,0.0,"Data fetched for KALYANKJIL: 125 rows | 0/6 strategies fired: [] | Risk: no signals to evaluate | Supervisor: risk not approved, holding",0,0,0
2026-05-20 20:58:15,NYKAA,HOLD,,0.0,0,0.0,,,0.0,"Data fetched for NYKAA: 125 rows | 0/6 strategies fired: [] | Risk: no signals to evaluate | Supervisor: risk not approved, holding",0,0,0
2026-05-20 20:58:18,LODHA,HOLD,,0.0,0,0.0,,,0.0,"Data fetched for LODHA: 125 rows | 0/6 strategies fired: [] | Risk: no signals to evaluate | Supervisor: risk not approved, holding",0,0,0
2026-05-20 20:58:21,HFCL,HOLD,,0.0,0,0.0,,,0.0,"Data fetched for HFCL: 125 rows | 0/6 strategies fired: [] | Risk: no signals to evaluate | Supervisor: risk not approved, holding",0,0,0
2026-05-20 20:58:24,CAMS,HOLD,,0.0,0,0.0,,,0.0,"Data fetched for CAMS: 125 rows | 0/6 strategies fired: [] | Risk: no signals to evaluate | Supervisor: risk not approved, holding",0,0,0
2026-05-20 20:58:26,SJVN,HOLD,,0.0,0,0.0,,,0.0,"Data fetched for SJVN: 125 rows | 0/6 strategies fired: [] | Risk: no signals to evaluate | Supervisor: risk not approved, holding",0,0,0
2026-05-20 20:58:29,ANGELONE,HOLD,,0.0,0,0.0,,,0.0,"Data fetched for ANGELONE: 125 rows | 0/6 strategies fired: [] | Risk: no signals to evaluate | Supervisor: risk not approved, holding",0,0,0
2026-05-20 20:58:31,TIINDIA,HOLD,,0.0,0,0.0,,,0.0,"Data fetched for TIINDIA: 125 rows | 0/6 strategies fired: [] | Risk: no signals to evaluate | Supervisor: risk not approved, holding",0,0,0
2026-05-20 20:58:34,JIOFIN,HOLD,,0.0,0,0.0,,,0.0,"Data fetched for JIOFIN: 125 rows | 0/6 strategies fired: [] | Risk: no signals to evaluate | Supervisor: risk not approved, holding",0,0,0
2026-05-20 20:58:37,LTF,HOLD,,0.0,0,0.0,,,0.0,"Data fetched for LTF: 125 rows | 0/6 strategies fired: [] | Risk: no signals to evaluate | Supervisor: risk not approved, holding",0,0,0
2026-05-20 20:58:40,BSE,HOLD,,0.0,0,0.0,,,0.0,"Data fetched for BSE: 125 rows | 0/6 strategies fired: [] | Risk: no signals to evaluate | Supervisor: risk not approved, holding",0,0,0
2026-05-20 20:58:43,UNITDSPR,HOLD,,0.0,0,0.0,,,0.0,"Data fetched for UNITDSPR: 125 rows | 0/6 strategies fired: [] | Risk: no signals to evaluate | Supervisor: risk not approved, holding",0,0,0
2026-05-20 20:58:46,LICI,HOLD,,0.0,0,0.0,,,0.0,"Data fetched for LICI: 125 rows | 0/6 strategies fired: [] | Risk: no signals to evaluate | Supervisor: risk not approved, holding",0,0,0
2026-05-20 20:58:48,APLAPOLLO,HOLD,,0.0,0,0.0,,,0.0,"Data fetched for APLAPOLLO: 125 rows | 0/6 strategies fired: [] | Risk: no signals to evaluate | Supervisor: risk not approved, holding",0,0,0
2026-05-20 20:58:51,CYIENT,HOLD,,0.0,0,0.0,,,0.0,"Data fetched for CYIENT: 125 rows | 0/6 strategies fired: [] | Risk: no signals to evaluate | Supervisor: risk not approved, holding",0,0,0
2026-05-20 20:58:53,IRFC,HOLD,,0.0,0,0.0,,,0.0,"Data fetched for IRFC: 125 rows | 0/6 strategies fired: [] | Risk: no signals to evaluate | Supervisor: risk not approved, holding",0,0,0
2026-05-20 20:58:55,PVRINOX,HOLD,,0.0,0,0.0,,,0.0,"Data fetched for PVRINOX: 125 rows | 0/6 strategies fired: [] | Risk: no signals to evaluate | Supervisor: risk not approved, holding",0,0,0
2026-05-20 20:58:58,HUDCO,HOLD,,0.0,0,0.0,,,0.0,"Data fetched for HUDCO: 125 rows | 0/6 strategies fired: [] | Risk: no signals to evaluate | Supervisor: risk not approved, holding",0,0,0
2026-05-20 20:59:01,ADANIGREEN,HOLD,,0.0,0,0.0,,,0.0,"Data fetched for ADANIGREEN: 125 rows | 0/6 strategies fired: [] | Risk: no signals to evaluate | Supervisor: risk not approved, holding",0,0,0
2026-05-20 20:59:03,CDSL,HOLD,,0.0,0,0.0,,,0.0,"Data fetched for CDSL: 125 rows | 0/6 strategies fired: [] | Risk: no signals to evaluate | Supervisor: risk not approved, holding",0,0,0
2026-05-20 20:59:06,ZOMATO,HOLD,,0.0,0,0.0,,,0.0,"Data fetched for ZOMATO: 125 rows | 0/6 strategies fired: [] | Risk: no signals to evaluate | Supervisor: risk not approved, holding",0,0,0
2026-05-20 20:59:09,PRESTIGE,HOLD,,0.0,0,0.0,,,0.0,"Data fetched for PRESTIGE: 125 rows | 0/6 strategies fired: [] | Risk: no signals to evaluate | Supervisor: risk not approved, holding",0,0,0
2026-05-20 20:59:12,KEI,HOLD,,0.0,0,0.0,,,0.0,"Data fetched for KEI: 125 rows | 0/6 strategies fired: [] | Risk: no signals to evaluate | Supervisor: risk not approved, holding",0,0,0
2026-05-20 20:59:14,SONACOMS,HOLD,,0.0,0,0.0,,,0.0,"Data fetched for SONACOMS: 125 rows | 0/6 strategies fired: [] | Risk: no signals to evaluate | Supervisor: risk not approved, holding",0,0,0
2026-05-20 20:59:17,PAYTM,HOLD,,0.0,0,0.0,,,0.0,"Data fetched for PAYTM: 125 rows | 0/6 strategies fired: [] | Risk: no signals to evaluate | Supervisor: risk not approved, holding",0,0,0
2026-05-20 20:59:19,KPITTECH,HOLD,,0.0,0,0.0,,,0.0,"Data fetched for KPITTECH: 125 rows | 0/6 strategies fired: [] | Risk: no signals to evaluate | Supervisor: risk not approved, holding",0,0,0
2026-05-20 20:59:22,VBL,HOLD,,0.0,0,0.0,,,0.0,"Data fetched for VBL: 125 rows | 0/6 strategies fired: [] | Risk: no signals to evaluate | Supervisor: risk not approved, holding",0,0,0
2026-05-20 20:59:25,POONAWALLA,HOLD,,0.0,0,0.0,,,0.0,"Data fetched for POONAWALLA: 125 rows | 0/6 strategies fired: [] | Risk: no signals to evaluate | Supervisor: risk not approved, holding",0,0,0
2026-05-20 20:59:27,SUPREMEIND,HOLD,,0.0,0,0.0,,,0.0,"Data fetched for SUPREMEIND: 125 rows | 0/6 strategies fired: [] | Risk: no signals to evaluate | Supervisor: risk not approved, holding",0,0,0
2026-05-20 20:59:30,MAXHEALTH,HOLD,,0.0,0,0.0,,,0.0,"Data fetched for MAXHEALTH: 125 rows | 0/6 strategies fired: [] | Risk: no signals to evaluate | Supervisor: risk not approved, holding",0,0,0
2026-05-20 20:59:33,JSL,HOLD,,0.0,0,0.0,,,0.0,"Data fetched for JSL: 125 rows | 0/6 strategies fired: [] | Risk: no signals to evaluate | Supervisor: risk not approved, holding",0,0,0
